gi|110640213|ref|NC_008253.1|_418_952_1:0:0_1:0:0_0/1	0	gi|110640213|ref|NC_008253.1|	418	42	70M	*	0	0	CCAGGCAGTGGCAGGTGGCCACCGTCCTCTCTGCCCCCGCCAAAATCACCAACCATCTGGTAGCGATGAT	2222222222222222222222222222222222222222222222222222222222222222222222	AS:i:-3	XN:i:0	XM:i:1	XO:i:0	XG:i:0	NM:i:1	MD:Z:8G61	YT:Z:UU
gi|110640213|ref|NC_008253.1|_31_476_0:0:0_0:0:0_1/1	16	gi|110640213|ref|NC_008253.1|	407	42	70M	*	0	0	GGAAAGCAATGCCAGGCAGGGGCAGGTGGCCACCGTCCTCTCTGCCCCCGCCAAAATCACCAACCATCTG	2222222222222222222222222222222222222222222222222222222222222222222222	AS:i:0	XN:i:0	XM:i:0	XO:i:0	XG:i:0	NM:i:0	MD:Z:70	YT:Z:UU
gi|110640213|ref|NC_008253.1|_210_743_2:0:0_1:1:0_2/1	0	gi|110640213|ref|NC_008253.1|	210	42	70M	*	0	0	CATTACCACCACCATCACCATTACCACAGGAAACGGTGCGGGCTGACGCGTACAGGAAACACCGAAAAAA	2222222222222222222222222222222222222222222222222222222222222222222222	AS:i:-6	XN:i:0	XM:i:2	XO:i:0	XG:i:0	NM:i:2	MD:Z:30T31A7	YT:Z:UU
gi|110640213|ref|NC_008253.1|_239_759_1:0:0_2:1:0_3/1	16	gi|110640213|ref|NC_008253.1|	690	40	70M	*	0	0	AACGCGGCGCTGATTTGCCGTGGCGAGAAAATGTCGATCGCCATTAGGGCCGGCCTGTTAGAAGCGCGTG	2222222222222222222222222222222222222222222222222222222222222222222222	AS:i:-9	XN:i:0	XM:i:3	XO:i:0	XG:i:0	NM:i:3	MD:Z:5T40T7G15	YT:Z:UU
gi|110640213|ref|NC_008253.1|_334_899_2:0:0_1:0:0_4/1	0	gi|110640213|ref|NC_008253.1|	334	42	70M	*	0	0	CCATGCTAGTGTTGAAGTTCTGCGGTACATCAGTGGCAAATGCAGAACGTTTTCTGCGGGTTGCCGATAT	2222222222222222222222222222222222222222222222222222222222222222222222	AS:i:-6	XN:i:0	XM:i:2	XO:i:0	XG:i:0	NM:i:2	MD:Z:6G13G49	YT:Z:UU
gi|110640213|ref|NC_008253.1|_330_843_1:0:0_2:0:0_5/1	16	gi|110640213|ref|NC_008253.1|	774	42	70M	*	0	0	GTTATCGATCCGGTCGTAAAACTGCTGGCAGTGGGTCATTACCTCGAATCTACCGTTGATATTGATGAAT	2222222222222222222222222222222222222222222222222222222222222222222222	AS:i:-6	XN:i:0	XM:i:2	XO:i:0	XG:i:0	NM:i:2	MD:Z:16A47C5	YT:Z:UU
gi|110640213|ref|NC_008253.1|_182_657_3:0:0_0:0:0_6/1	16	gi|110640213|ref|NC_008253.1|	588	42	70M	*	0	0	TTTCCGCTGGCACAATTGAAAACTTTCGTCGACCAGGAATTTGCCCAAATAAAACATGTCCTGCATGGCA	2222222222222222222222222222222222222222222222222222222222222222222222	AS:i:0	XN:i:0	XM:i:0	XO:i:0	XG:i:0	NM:i:0	MD:Z:70	YT:Z:UU
gi|110640213|ref|NC_008253.1|_400_815_0:0:0_2:0:0_7/1	0	gi|110640213|ref|NC_008253.1|	400	42	70M	*	0	0	ATATTCTGGAAAGCAATGCCAGGCAGGGGCAGGTGGCCACCGTCCTCTCTGCCCCCGCCAAAATCACCAA	2222222222222222222222222222222222222222222222222222222222222222222222	AS:i:0	XN:i:0	XM:i:0	XO:i:0	XG:i:0	NM:i:0	MD:Z:70	YT:Z:UU
gi|110640213|ref|NC_008253.1|_388_857_1:0:0_2:0:0_8/1	0	gi|110640213|ref|NC_008253.1|	388	42	70M	*	0	0	TGCGGGTTGCCGATATTCTGGAAAGCAATGCGAGGCAGGGGCAGGTGGCCACCGTCCTCTCTGCCCCCGC	2222222222222222222222222222222222222222222222222222222222222222222222	AS:i:-3	XN:i:0	XM:i:1	XO:i:0	XG:i:0	NM:i:1	MD:Z:31C38	YT:Z:UU
gi|110640213|ref|NC_008253.1|_369_908_0:0:0_0:0:0_9/1	0	gi|110640213|ref|NC_008253.1|	369	42	70M	*	0	0	GCAAATGCAGAACGTTTTCTGCGGGTTGCCGATATTCTGGAAAGCAATGCCAGGCAGGGGCAGGTGGCCA	2222222222222222222222222222222222222222222222222222222222222222222222	AS:i:0	XN:i:0	XM:i:0	XO:i:0	XG:i:0	NM:i:0	MD:Z:70	YT:Z:UU
gi|110640213|ref|NC_008253.1|_353_846_3:0:0_0:0:0_a/1	0	gi|110640213|ref|NC_008253.1|	353	40	70M	*	0	0	CGGCTGTACATCAGTGGCAAATGCAGAACGTTTACTGCGGGTTGCCGCTATTCTGGAAAGCAATGCCAGG	2222222222222222222222222222222222222222222222222222222222222222222222	AS:i:-9	XN:i:0	XM:i:3	XO:i:0	XG:i:0	NM:i:3	MD:Z:4G28T13A22	YT:Z:UU
gi|110640213|ref|NC_008253.1|_488_915_0:0:0_1:0:0_b/1	16	gi|110640213|ref|NC_008253.1|	846	42	70M	*	0	0	ACCCGCCGTATTGCGGCAAGCCGCATTCCGGCTGACCACATGCTGCTGATGGCTGGTTTCACTGCCGGTA	2222222222222222222222222222222222222222222222222222222222222222222222	AS:i:-3	XN:i:0	XM:i:1	XO:i:0	XG:i:0	NM:i:1	MD:Z:42G27	YT:Z:UU
gi|110640213|ref|NC_008253.1|_295_724_0:0:0_0:0:0_c/1	0	gi|110640213|ref|NC_008253.1|	295	42	70M	*	0	0	TGCGGGCTTTTTTTTCGACCAAAGGTAACGAGGTAACAACCATGCGAGTGTTGAAGTTCGGCGGTACATC	2222222222222222222222222222222222222222222222222222222222222222222222	AS:i:0	XN:i:0	XM:i:0	XO:i:0	XG:i:0	NM:i:0	MD:Z:70	YT:Z:UU
gi|110640213|ref|NC_008253.1|_49_492_0:0:0_1:0:0_d/1	16	gi|110640213|ref|NC_008253.1|	423	42	70M	*	0	0	CAGGGGCAGGTGGCCACCGTCCTCTCTGCCCCCCCCAAAATCACCAACCATCTGGTAGCGATGATTGAAA	2222222222222222222222222222222222222222222222222222222222222222222222	AS:i:-3	XN:i:0	XM:i:1	XO:i:0	XG:i:0	NM:i:1	MD:Z:33G36	YT:Z:UU
gi|110640213|ref|NC_008253.1|_293_822_2:0:0_1:0:0_e/1	0	gi|110640213|ref|NC_008253.1|	293	42	70M	*	0	0	AGTGCGGGCTTTTTTTTCGACCAAAGGTAAGGAGGTAACAACCATGGGAGTGTTGAAGTTCGGCGGTACA	2222222222222222222222222222222222222222222222222222222222222222222222	AS:i:-6	XN:i:0	XM:i:2	XO:i:0	XG:i:0	NM:i:2	MD:Z:30C15C23	YT:Z:UU
gi|110640213|ref|NC_008253.1|_211_590_1:0:0_2:0:0_f/1	16	gi|110640213|ref|NC_008253.1|	521	42	70M	*	0	0	CAATATCAGCGATGCCGAAAGTTTTTTTGCCGAACTTCTGACGGGACTCGCCGCCGCCCAGCCGGGATTT	2222222222222222222222222222222222222222222222222222222222222222222222	AS:i:-6	XN:i:0	XM:i:2	XO:i:0	XG:i:0	NM:i:2	MD:Z:19C2A47	YT:Z:UU
gi|110640213|ref|NC_008253.1|_255_785_2:0:0_0:1:0_10/1	0	gi|110640213|ref|NC_008253.1|	255	42	70M	*	0	0	ACGCGTAGAGGAAACACAGAAAAAAGCCCGCACCTGACAGTGCGGGCTATTTTTTCGACCAAAGGTAACG	2222222222222222222222222222222222222222222222222222222222222222222222	AS:i:-6	XN:i:0	XM:i:2	XO:i:0	XG:i:0	NM:i:2	MD:Z:7C40T21	YT:Z:UU